pressures(hPa),850 hPa,650 hPa
1001.36359375,0.23120170017231273,0.3114538413420996
987.1290625,0.23166503944589095,0.3122490606788446
967.626328125,0.20363412666139513,0.2996715947999424
955.520078125,0.16844124555444404,0.27417255830023807
926.5853125,0.16888136654114572,0.27637000041981763
909.764140625,0.07769857512813588,0.19326699331902691
891.4153125,0.14533042663760093,0.2557403633640858
850.436796875,0.11336593393421752,0.2551531062909414
804.235546875,0.11972030734701787,0.25361314075472463
726.965859375,0.06795902244539397,0.16100241741365212
643.002382812,0.08874796645811368,0.14363192590366938
555.925351563,0.08040699632821886,0.11626619400702712
470.526796875,0.056527844769775105,0.08029144305947528
418.005390625,0.037551563231037144,0.05436684691902846
348.790234375,0.017489428785827876,0.02514541596005726
290.108164063,0.006055878264522075,0.008596806571333345
240.522539062,0.0019923928742950387,0.0028202706759457388
198.760878906,0.0005766286442052567,0.0008080059751711194
