pressures(hPa),850hPa,650hPa
1001.63269,0.337823282,0.405708316
987.697693,0.338733657,0.404209453
971.413513,0.334888205,0.397339115
952.871826,0.321316836,0.377271896
932.177673,0.291678649,0.337416252
909.458191,0.271075051,0.30611845
884.858765,0.268996701,0.298428385
849.829407,0.262468419,0.295184958
796.9107669999999,0.213502017,0.286985316
729.0755,0.152607429,0.276644442
650.011597,0.118413195,0.290664507
564.875061,0.10160085,0.167474078
483.396698,0.077289277,0.0848470985
411.711487,0.0577360324,0.0614168283
348.6718440000001,0.0315221955,0.0368142494
293.311127,0.0139994124,0.0178986146
244.792175,0.00493074995,0.00658856421
202.449921,0.00162456141,0.00212747063
