pressures(hPa),850hPa,650hPa
1001.63269,0.238814919,0.270943551
987.697693,0.238292138,0.271408641
971.413513,0.236492161,0.27039341
952.871826,0.237828961,0.272809572
932.177673,0.255500552,0.291017367
909.458191,0.284417902,0.318075711
884.858765,0.318107908,0.34205069
849.829407,0.365684953,0.358152633
796.9107669999999,0.316198242,0.367612537
729.0755,0.284431419,0.394903838
650.011597,0.313719132,0.492833331
564.875061,0.354604396,0.27877215
483.396698,0.423470329,0.448027445
411.711487,0.475473604,0.505200813
348.6718440000001,0.556091347,0.611332986
293.311127,0.626188257,0.688082953
244.792175,0.675516251,0.743387314
202.449921,0.697268471,0.772429518
