pressures(hPa),850hPa,650hPa
1001.63269,0.202386279,0.231410206
987.697693,0.204464834,0.234467626
971.413513,0.206269679,0.237318655
952.871826,0.212175577,0.244949434
932.177673,0.233776423,0.270414704
909.458191,0.262623109,0.303555908
884.858765,0.288050956,0.331523075
849.829407,0.307079677,0.352954705
796.9107669999999,0.317020117,0.376919963
729.0755,0.330476627,0.416513099
650.011597,0.345514638,0.449451272
564.875061,0.384123636,0.483942388
483.396698,0.458929842,0.57387388
411.711487,0.515793236,0.644177475
348.6718440000001,0.605750462,0.763478107
293.311127,0.680987927,0.862788894
244.792175,0.734111751,0.932099431
202.449921,0.758822279,0.964449502
