pressures(hPa),850 hPa,650 hPa
1001.27,0.23295806154050627,0.3254061916843028
987.947,0.21043931292154455,0.28855301887821566
969.724,0.22699382239866156,0.3028313601034236
954.06,0.21576155353747886,0.2829493971325321
934.911,0.12507515171345546,0.1543995728286668
911.617,0.14053150034090345,0.17263141854353314
883.451,0.1607878544786871,0.1930045167628085
849.66,0.16467855283862876,0.1983515104315574
786.877,0.12466529236279729,0.2177134403237776
736.189,0.10096160383896242,0.27277122327901754
646.712,0.10963420272649929,0.4352754867048095
579.089,0.036769138913297715,0.18391116234363092
470.035,0.01780292087320657,0.014458850371300956
396.325,0.009167301933175146,0.011421931354433283
360.414,0.00848524353166098,0.01093713828473209
292.51,0.00204510659435431,0.0025215773602903107
231.981,0.0005164800102230123,0.0004712788587140315
205.017,0.00024290019430399647,0.0002479935075379832
