pressures(hPa),850 hPa,650 hPa
1001.27,0.18993687669076612,0.2526073146630632
987.947,0.19103202004331177,0.25407074682077013
969.724,0.2832300838745354,0.37283315731253225
954.06,0.3025046068793385,0.4010072631779014
934.911,0.31563488143114204,0.4232688218198219
911.617,0.3279873700864821,0.44855506265401485
883.451,0.3374659528608426,0.475987542786339
849.66,0.3285430057636881,0.4866797399927571
786.877,0.3016316137460503,0.4920251992634377
736.189,0.2854526265833596,0.4898016007293595
646.712,0.2755614791160924,0.45596940198687963
579.089,0.29061254666437986,0.41618629606924196
470.035,0.37182379941766597,0.4699586370427057
396.325,0.4141358724434062,0.5324322937288788
360.414,0.4289887216461735,0.5569570895216437
292.51,0.4395395564155917,0.5793951039414266
231.981,0.42239965249653444,0.5614547938595503
205.017,0.391567074992846,0.520589297971184
