pressures(hPa),850 hPa,650 hPa
1001.27,0.23527373045365618,0.31810757153909425
987.947,0.1996027523900275,0.2816234214684498
969.724,0.2233181987474811,0.3006742521523082
954.06,0.21196512594973732,0.2848852960287909
934.911,0.11950740128846352,0.1683738475033262
911.617,0.14353292148825308,0.18976732043806696
883.451,0.169813812684537,0.21493848141713226
849.66,0.17968727137556353,0.2243820621954151
786.877,0.14686730783542656,0.2440971593763715
736.189,0.10926299855450819,0.2667173835667733
646.712,0.11350653597463821,0.44011715194304224
579.089,0.037834731604358976,0.2063311475861105
470.035,0.018315177427973072,0.024860189637209158
396.325,0.009209609323877764,0.012431456596890255
360.414,0.008514476835689264,0.011542739629016203
292.51,0.0020610805998158596,0.002990036762553714
231.981,0.0005151986144618152,0.0006204523995883392
205.017,0.00023331079654906965,0.00028111259477818864
