pressures(hPa),850 hPa,650 hPa
1001.27,0.14635433332444794,0.1960063108505611
987.947,0.14889475374747896,0.19924504157337097
969.724,0.14946620527167664,0.20283502158733172
954.06,0.15457867781172197,0.2129808452149048
934.911,0.2035119719392094,0.2812295926309018
911.617,0.19989180780412458,0.274283884041418
883.451,0.19322355536790234,0.26679192973959487
849.66,0.2019870953756411,0.27120102258905326
786.877,0.21002133754414068,0.2710450254521024
736.189,0.2050671275256366,0.24337867748085773
646.712,0.2170071555396949,0.2577393647357348
579.089,0.2781018995391234,0.3480743658143412
470.035,0.3362750820133476,0.40937740464085437
396.325,0.36467909459082076,0.4381563190781723
360.414,0.3720927728681487,0.4486720605067279
292.51,0.3706495768301622,0.3917586788208071
231.981,0.3623774726470384,0.40389448887654905
205.017,0.34056200896107963,0.38742784027283556
