pressures(hPa),850 hPa,650 hPa
1001.27,0.22065395689076564,0.29362752902332345
987.947,0.22192754878009183,0.2953044982455451
969.724,-0.024751800541905324,-0.03711964660396056
954.06,-0.08176168584924497,-0.12057236087990905
934.911,0.1633781156300667,0.14755423944615548
911.617,0.24092217291379295,0.21916383009790344
883.451,0.2822957002825297,0.2657756467523118
849.66,0.3097023780349056,0.3220771872084705
786.877,0.2486043043834788,0.39705299148920875
736.189,0.1862872659458219,0.4380783205096969
646.712,0.12846229223447603,0.4721937435622966
579.089,0.08009659972106334,0.3130108126219951
470.035,0.0028385085586895703,0.021074254203267147
396.325,-0.0012923060943306956,-0.000433473847639533
360.414,-0.0014728585549676765,-0.0011737863916710463
292.51,-0.001169720273692423,-0.0012749236830174762
231.981,-0.00037394905385716655,-0.00044548051252452043
205.017,0.00044546009387495957,0.0006222713006318849
