pressures(hPa),850 hPa,650 hPa
1001.27,0.23581667549640342,0.2715833428253108
987.947,0.2035159290394839,0.24922125473137247
969.724,0.23488919277880665,0.2564629252655491
954.06,0.22708200197717085,0.2513528877383758
934.911,0.11845883145206211,0.22839847513937966
911.617,0.13834983053356967,0.21926187764029104
883.451,0.1521563296835255,0.22256041869139212
849.66,0.1439460721392403,0.20749801888536373
786.877,0.08989793046727525,0.17543977363442873
736.189,0.053165595888729454,0.15883023372884333
646.712,0.04925673291673461,0.20852076160200275
579.089,-0.01706049247069559,0.0515088330442979
470.035,-0.007600532928968672,0.008515823516993643
396.325,0.005843934508123485,0.011581941930411233
360.414,0.005983570666532113,0.011373957073845782
292.51,0.0009141421058531528,0.004320117019524465
231.981,0.00014344038530625527,0.0009360868882115334
205.017,0.0002042548197025981,9.313671519367482e-05
