pressures(hPa),850 hPa,650 hPa
1001.27,0.23125703987295784,0.30456539693734497
987.947,0.20293597595607848,0.27224615170887106
969.724,0.22495468360260723,0.2787844169147264
954.06,0.22154910128910918,0.2725210567678833
934.911,0.1858414718838331,0.22655437364468042
911.617,0.22756895966819346,0.27223272611296584
883.451,0.2796286907684828,0.3327636235369988
849.66,0.3112590900193311,0.38408916523148556
786.877,0.2991504916390563,0.4044747179168307
736.189,0.24288991804738738,0.3348771959209391
646.712,0.14115529992335552,0.2793711154557857
579.089,-0.02607419118612235,0.01683691196195213
470.035,0.003617853778239876,0.00495891646240748
396.325,0.007979311616270373,0.008895633625153082
360.414,0.008145824093395058,0.009110609381300622
292.51,0.0003609703948191117,0.001192488918809941
231.981,0.0004937922670770821,0.0007661501704415518
205.017,0.00040369260814325335,0.0005268465951996124
