pressures(hPa),850 hPa,650 hPa
1001.27,0.15225933996431873,0.2814850394624759
987.947,0.1546011330270491,0.28080225201358044
969.724,0.15241814748054167,0.27909512356281924
954.06,0.15503788621253362,0.2800707168652672
934.911,0.21064665965121357,0.2909964348472527
911.617,0.20802692091922162,0.29045989049661086
883.451,0.2120358677435781,0.2843629118418792
849.66,0.22033209725201014,0.3178711214505809
786.877,0.16107101106717459,0.4125445878898384
736.189,0.08748174109063864,0.4803933940533671
646.712,0.07430390379953912,0.5861886880719405
579.089,0.1601185561602946,0.4249340154825412
470.035,0.22136324056782947,0.2960198453151326
396.325,0.2308300414489121,0.35667301155901693
360.414,0.23456182298492206,0.3804994485777633
292.51,0.25369286111860767,0.3751584588353153
231.981,0.2676051018825596,0.42129999436233173
205.017,0.2560150145949747,0.43073946691190174
