pressures(hPa),850 hPa,650 hPa
1001.27,0.16469239170474642,0.2426957424739278
987.947,0.17010619775063227,0.24726121605985413
969.724,0.17059836193662192,0.24737821391256726
954.06,0.17413923873349868,0.25182732897830895
934.911,0.20132064471786867,0.2842350948473196
911.617,0.21564179011716725,0.27284027119209414
883.451,0.2397427477450419,0.2536801146458645
849.66,0.27000460208590726,0.255963171105092
786.877,0.3364498887432551,0.2573485407610706
736.189,0.37904810373759407,0.25873403828355496
646.712,0.30560066297957555,0.3128569764289905
579.089,0.3461984854843477,0.3798376844946368
470.035,0.40915075909229354,0.43300521689615185
396.325,0.45536840986034266,0.4679978041778358
360.414,0.46129883222408025,0.47296286059406656
292.51,0.4536619632112454,0.43688724400912543
231.981,0.41497765008921095,0.42404944683710466
205.017,0.3733158997193766,0.3938959674635395
