pressures(hPa),850 hPa,650 hPa
1000.405625,0.17808789871892067,0.2769724892487815
985.492265625,0.17899150089094215,0.27870771998078236
975.886796875,0.1793651031163878,0.27970770084645175
952.53421875,0.18006101095597798,0.2829459747175847
938.869140625,0.18040417302627712,0.2866951533102738
907.825234375,0.14822474654900997,0.4105269377559137
890.5646875,0.10195683169748657,0.16240669679555378
852.8871875,0.10021595470101276,0.159653935498571
789.505078125,0.09685726255841158,0.15428531097837697
719.775703125,0.09243322100794903,0.14723676547381664
645.7512890625,0.08657099587591,0.1378759397036893
569.52578125,0.07843596285386971,0.1248277926910429
493.4822265625,0.06804342118478697,0.10890901715055822
419.452734375,0.0583443383340113,0.09279094540255012
349.0413671875,0.03620156033841449,0.057405398559078294
283.539765625,0.016448656482428325,0.026014583772229948
243.0421875,0.007786893977869517,0.01229937045542895
205.35419921875,0.0030588694060672502,0.004831535646114684
