pressures(hPa),850 hPa,650 hPa
1000.405625,0.08797900718725749,0.15779052871927673
985.492265625,0.08839560105883765,0.15857467231588018
975.886796875,0.08857514439948949,0.1589556474673192
952.53421875,0.0893197388235043,0.16062456564891123
938.869140625,0.0904532353290318,0.16301562565949612
907.825234375,0.15765217503122603,0.1777943340851512
890.5646875,0.1813592776141793,0.2511315229272814
852.8871875,0.20398031313255074,0.25896892248624614
789.505078125,0.17875100638515873,0.2774576334473867
719.775703125,0.18172379738605396,0.31042817829255237
645.7512890625,0.19709087612409004,0.36877142348574543
569.52578125,0.21835572717101331,0.3589045959828967
493.4822265625,0.248071165133053,0.3953998811709096
419.452734375,0.2842420953597997,0.45308475865468595
349.0413671875,0.3307198496892355,0.5269541670693181
283.539765625,0.3743655674433609,0.5964086414089013
243.0421875,0.3906948923821264,0.6224036707130639
205.35419921875,0.39220105560995444,0.6247858821582764
