pressures(hPa),850 hPa,650 hPa
1000.405625,0.09309817570340968,0.16233170111901385
985.492265625,0.09359710886031733,0.16312218186413577
975.886796875,0.0938509387030906,0.16348801784417955
952.53421875,0.09493478023007669,0.16503752612165526
938.869140625,0.09645431443489474,0.16713302350343248
907.825234375,0.11907679175777575,0.18183756441515103
890.5646875,0.1627679935504299,0.2545154896263201
852.8871875,0.1672861280157434,0.26149745836810934
789.505078125,0.17615095030405423,0.2754003618394637
719.775703125,0.18795765041618925,0.29385985019609195
645.7512890625,0.20387128868315924,0.31877079060396063
569.52578125,0.22584724022242228,0.3530117771023001
493.4822265625,0.2565470178798955,0.4012244727114012
419.452734375,0.29398195167271446,0.45976819304672617
349.0413671875,0.34209673657207396,0.5347003040714886
283.539765625,0.38722375095761774,0.6051871846409997
243.0421875,0.4040880206773129,0.6315980567343933
205.35419921875,0.40562712888130975,0.634039443614389
