pressures(hPa),850 hPa,650 hPa
1000.405625,0.15596633254384426,0.23189031742475666
985.492265625,0.15702823207158337,0.23321190242055512
975.886796875,0.15796873144877385,0.23435705550545552
952.53421875,0.16740777415042815,0.24678926430548653
938.869140625,0.22566646014729594,0.32703966996624584
907.825234375,0.22538497051682968,0.2991066805879124
890.5646875,0.22172786751621823,0.3219846925050859
852.8871875,0.20546252457660583,0.36374960866036243
789.505078125,0.1879165474347285,0.3953367324083446
719.775703125,0.1530256728248611,0.36927350902055683
645.7512890625,0.006522618327408346,0.027713869773788254
569.52578125,0.3813034102727874,0.8465783975524903
493.4822265625,0.3884713362789727,0.8428585148003694
419.452734375,0.4112421119559214,0.8924214650004128
349.0413671875,0.38337141389720486,0.8334944860718952
283.539765625,0.38528675160650605,0.837619967199116
243.0421875,0.3962360455659653,0.8600067094902502
205.35419921875,0.3904058263770869,0.8460862806176175
