pressures(hPa),850 hPa,650 hPa
1006.82375,0.23054549429417667,0.3226263398732716
993.095,0.2349730205690355,0.328714259420658
979.3665625,0.23498740811108984,0.3289067783350317
951.909296875,0.2386629455212412,0.3344845882419519
938.180703125,0.24250298049554733,0.3399072043301423
910.72421875,0.25040365942232634,0.3497675778425167
883.282734375,0.16409423339248333,0.21394810305688094
855.88421875,0.19766276692895868,0.2530824836001157
801.162109375,0.17771995509505595,0.2542867090543099
732.864765625,0.14282393101169918,0.22215307583613786
651.0553125,0.10389148200499441,0.1980125791087878
569.3551953125,0.08923705104553574,0.14216392251229384
487.75109375,0.08463555540800309,0.12526498545953338
406.2456640625,0.0529806548868942,0.07395967701832105
351.955390625,0.029148800513562678,0.04042244421938781
297.6884765625,0.01312597192801704,0.017916189152295682
243.43421875,0.001745017766649802,0.002516233772639082
202.7473046875,0.0006128676088576853,0.0008470420408124948
