pressures(hPa),850 hPa,650 hPa
1006.82375,0.20517381664253545,0.20542670814151603
993.095,0.20540954023702365,0.20587729941694655
979.3665625,0.20459236510946455,0.20504048704828987
951.909296875,0.20276943597875574,0.2029377277629474
938.180703125,0.20190511613229897,0.2018863481202762
910.72421875,0.2015908180063147,0.20289481430814452
883.282734375,0.23723222549293163,0.2807827347754208
855.88421875,0.27518372420553294,0.3217865408395985
801.162109375,0.2620617774456894,0.3352613656477113
732.864765625,0.25510007395513773,0.33893046603335986
651.0553125,0.28410979098348643,0.436494205527769
569.3551953125,0.3252671305811274,0.44645012704204345
487.75109375,0.35900703440553944,0.4797724246965008
406.2456640625,0.4049574204244406,0.5482301134708383
351.955390625,0.44290891913704195,0.5985461392272468
297.6884765625,0.4704021477075165,0.6349260205364112
243.43421875,0.46911352539098095,0.6382196281925343
202.7473046875,0.45638445128861777,0.6205929266322403
