pressures(hPa),850 hPa,650 hPa
1006.82375,0.21450549758280804,0.32545235147309665
993.095,0.21656289956106814,0.32735587645344405
979.3665625,0.21718491596335332,0.32746195524491856
951.909296875,0.21846635607661927,0.32995808088134254
938.180703125,0.21939818172784525,0.33153354737694485
910.72421875,0.21759351887372105,0.32449764234982637
883.282734375,0.136924657671577,0.15567259091085076
855.88421875,0.15581918520992005,0.19152525800715767
801.162109375,0.14993280948004487,0.20339953457875062
732.864765625,0.12901109355892662,0.16925231323797002
651.0553125,0.08711850467641705,0.12721760990517866
569.3551953125,0.09157836707661049,0.10471679217652732
487.75109375,0.06568387700337593,0.10335397436939002
406.2456640625,0.04319908709679282,0.060884601729403305
351.955390625,0.021783208038807088,0.030160365373008893
297.6884765625,0.006567882641722591,0.009959118529333233
243.43421875,0.0020759951042018257,0.0028243094553893505
202.7473046875,0.0006395079908914945,0.0008915560233111187
