pressures(hPa),850 hPa,650 hPa
1005.7898399999999,0.21909992766210862,0.3228642056677692
992.00055,0.22170391398907965,0.3253019057795697
978.2423,0.22214095001411108,0.3251511877619046
950.8938,0.2236309981960514,0.32788442624747444
937.07195,0.2249003695706213,0.3300586974762255
909.7108999999999,0.22431509629889973,0.32600831457540863
882.2315,0.13905037525286598,0.1669785258839597
854.9674,0.15605304352856747,0.1999425222345005
800.4798,0.15324085343116434,0.2076451958807798
732.3619500000001,0.12658741269052615,0.1748977747686664
650.84348,0.08681185735857642,0.13000215378488275
569.2355,0.09035755797439127,0.10361454154643918
487.7191,0.06531032057218157,0.10480906374840109
406.32207,0.043794541736398004,0.061733936211686186
352.00417999999996,0.022651035080004555,0.03162676302560228
297.72371,0.007089917060167074,0.010626756773918373
243.49623,0.0020265611740442036,0.0028669392922730207
202.77896,0.0006366107063947567,0.0008941414231328057
