pressures(hPa),850 hPa,650 hPa
1005.7898399999999,0.2307300105954754,0.31824175325428555
992.00055,0.2362321033022726,0.3250308127967259
978.2423,0.23648588367038623,0.3251769479586916
950.8938,0.24038997560934475,0.33085655983652273
937.07195,0.24450898929672468,0.33670655351754253
909.7108999999999,0.2536210957465377,0.34881087000484134
882.2315,0.16621846533772544,0.2196201783662969
854.9674,0.2006529592176179,0.2605380237166807
800.4798,0.18217400647778706,0.2571860893962577
732.3619500000001,0.14667977567320065,0.2205179594061756
650.84348,0.10495953046903159,0.1998568721683541
569.2355,0.0877210552090683,0.14310498712740896
487.7191,0.08435558691528865,0.12278884112671601
406.32207,0.05369739528521242,0.07579975149415251
352.00417999999996,0.029749841411266728,0.0414977987958529
297.72371,0.013623746611124461,0.01908093936332152
243.49623,0.0016992269474256844,0.002398489934535646
202.77896,0.0005985110071973694,0.0008253623739666065
