pressures(hPa),850 hPa,650 hPa
1005.7941999999999,0.050316149883449464,0.0808411972962934
991.9980499999999,0.05484460337295992,0.09952821503649284
978.2223399999999,0.052045767535693045,0.10682280290293121
950.9507000000001,0.055269145887601526,0.10255332353404523
937.0292,0.06394868174249656,0.1132592039615533
909.6976,0.09457863798404642,0.16378495227173667
882.2944500000001,0.18285203343582307,0.19545204548015732
854.9975999999999,0.18385835643349208,0.18468180104206303
800.2739999999999,0.09962597676922995,0.23482136528872907
732.16516,0.08805326229603656,0.47024346134292955
650.5998000000001,0.048099094529209976,0.28367364932367073
569.04855,0.10882439791979805,0.18944473782544338
487.67,0.1370486132450455,0.1700497159687955
406.24492,0.1565225356296243,0.22832060021952078
351.98668,0.19528169483671895,0.2753385099527551
297.67498,0.16211234540573874,0.2851647489022515
243.47016,0.17153876161046624,0.30529995688064093
202.74857,0.18319795696627178,0.3592262704167963
