pressures(hPa),850 hPa,650 hPa
1006.109453125,0.2608937858079227,0.3341377423169344
992.358125,0.2609446242526537,0.33503369969576574
978.60859375,0.24204135575617783,0.30785894562963184
951.1159375,0.16998553407753472,0.22131326148422728
937.37984375,0.10188791696836995,0.1222215542767659
909.934375,0.06666454849731447,0.09217750980371667
882.5246875,0.1301761542053705,0.2106534644828681
855.1528125,0.15063814860161664,0.2975298931284992
800.50984375,0.13840430852428104,0.41796739192285526
732.33359375,0.11647615256631245,0.4098052071029094
650.6909375,0.13184962631176234,0.26481909832119804
569.1959375,0.03526557397234156,0.08070910799326417
487.732421875,0.02641695681882823,0.03148470693412242
406.2635546875,0.01982657378810519,0.022603766832063082
351.9871875,0.009664460284552723,0.01563220081234469
297.724453125,0.005144964513666814,0.008595765071495858
243.466640625,0.0020336839197918934,0.003630348135743312
202.77486328125,0.0006122308134446346,0.0013980210319462952
