pressures(hPa),850 hPa,650 hPa
1005.7941999999999,0.20924818847061197,0.2794849235315432
991.9980499999999,0.1920253333640983,0.2591433191116548
978.2223399999999,0.19866312882515935,0.23955859941911897
950.9507000000001,0.1953852584575957,0.23790536937018703
937.0292,0.18134910180094152,0.19670229333878567
909.6976,0.1452930076099397,0.10902151898917271
882.2944500000001,0.016736284977292543,0.05665439322932032
854.9975999999999,-0.1275610293208781,0.12887271972325912
800.2739999999999,-0.17352391207483345,0.12223099076628255
732.16516,-0.04512074214568801,-0.16079937463257413
650.5998000000001,0.0035450280790467626,-0.057942030276837475
569.04855,0.02876420020193824,0.016663413090229975
487.67,0.024574220777421777,0.019990088426811038
406.24492,0.011381794239442293,0.01680295552752844
351.98668,0.005432706646196447,0.006506810653230806
297.67498,0.0032501139169599774,0.004325211963598416
243.47016,0.0009823680411490394,0.001449757942228944
202.74857,0.0002934483635743539,0.0004992139645938562
