pressures(hPa),850 hPa,650 hPa
1005.1884375,0.1853693898500885,0.3535766462387967
991.4259375,0.18551084520947894,0.35344786217533325
977.66734375,0.18701970237631024,0.3559591514128698
950.171875,0.20716923245837007,0.4076874169040068
936.43796875,0.19819467576815464,0.3803208034180318
908.982734375,0.22274503925347247,0.3598012093061949
881.590625,0.2714528346702458,0.44196544179585157
854.294375,0.24014404845849602,0.4868466879128505
799.784140625,0.05548193540535971,0.5699553368679054
731.74984375,0.009273184671150772,0.6640750232490822
650.238984375,0.07626015597359924,0.531599149966386
568.8234375,0.1587757822846866,0.14228492611649263
487.451953125,0.23684342340605252,0.1526735072358745
406.0940625,0.31058881743493294,0.28499913244452996
351.857265625,0.350935029385516,0.38123302386756436
297.620546875,0.3721847678183903,0.43923951245254267
243.38390625,0.37687637057150647,0.44392939876366855
202.7066796875,0.369654288611517,0.4222185520647951
