pressures(hPa),850 hPa,650 hPa
1005.1884375,0.22628324188098314,0.3322724661673719
991.4259375,0.22589030716909703,0.33124216394669787
977.66734375,0.22589030716909703,0.3299542861708553
950.171875,0.25172969382272875,0.3528141166920602
936.43796875,0.23277452332134196,0.3113659169395282
908.982734375,0.24899486822800132,0.2985944623290898
881.590625,0.2573250841199872,0.3212181819247235
854.294375,0.2533800196126505,0.3307484774659582
799.784140625,0.26276330053249125,0.36719541852230175
731.74984375,0.28699951356162756,0.4313102671296622
650.238984375,0.31995887719463595,0.5048266235006731
568.8234375,0.3490831980396357,0.5435058860351437
487.451953125,0.3809423444793629,0.5763467693191281
406.0940625,0.4273400752588769,0.6404508856116898
351.857265625,0.45402034219594495,0.6832620893436552
297.620546875,0.4631600035944163,0.6997469248744395
243.38390625,0.4515762882880133,0.6888321607241741
202.7066796875,0.42970554222443136,0.6651244773338729
