pressures(hPa),850 hPa,650 hPa
1005.4022,0.20421434984441544,0.26499242665841427
991.6928999999999,0.20442976076453553,0.265330323631132
977.9176600000001,0.19985671646479305,0.2600457721392092
950.4555,0.1632253458749342,0.22273696957405337
936.75484,0.194988621572904,0.23910008886527595
909.3064999999999,0.22411707149515142,0.28535268378194123
881.9558000000001,0.2005374917335021,0.25633578124980544
854.6582000000001,0.2016687588819277,0.27680179488708034
800.0897,0.12046459908139204,0.30184316927702737
732.0491999999999,0.06974288356682058,0.3081453407216699
650.4286,0.04368757746460438,0.24440706859618236
568.98465,0.026018634671911796,0.08276282120618304
487.61145,0.011511215945221188,0.0189199385353629
406.2038,0.003184209453565082,0.005045548012287641
351.96727,0.000725551969662791,0.001440213711590366
297.68742,9.14218307716506e-05,0.0008718108196736088
243.4615,-5.327973893150728e-05,0.0003802165886855606
202.75842,0.00017166822681503427,0.000337020230141135
