pressures(hPa),850 hPa,650 hPa
1006.135859375,0.21187720196987309,0.04420991277602404
992.38296875,0.21084005183043736,0.04360900134023342
978.630078125,0.20985004487915782,0.04294370653632238
951.1240625,0.21249006341590326,0.04247156183677261
937.37140625,0.2194672552630162,0.04348023460399257
909.87015625,0.2923034809642964,0.06833221469847599
882.40578125,0.5188422144507379,0.21317333184672174
855.039296875,0.4985549291475334,0.2249554882127592
800.544453125,0.1613082754743564,0.28277175278489936
732.464140625,0.02482874576224872,0.3566409371417318
650.8158203125,0.03567167903816746,0.1276292967373859
569.233046875,0.05097750079287015,-0.20765782331107213
487.70296875,0.09912641029637019,-0.09269058897070283
406.2346875,0.07068335344214856,0.08752918895971555
351.9540625,0.11490366393263457,0.15111849553998702
297.69046875,0.15716753211463957,0.23386185413608443
243.43705078125,0.2024799931307435,0.3407275146546338
202.7501953125,0.24307813533123057,0.43740987244880286
