pressures(hPa),850 hPa,650 hPa
1005.7898399999999,0.21115879680780275,0.055786153701823285
992.00055,0.2104827616456603,0.0553137536319849
978.2423,0.20922502180911615,0.054669571718568934
950.8938,0.20792011672870161,0.05359593519620898
937.07195,0.20837604741944887,0.05346709881352578
909.7108999999999,0.2202931323707045,0.059200317842927945
882.2315,0.3223115548623903,0.1446403122923332
854.9674,0.545450323613276,0.36054861693892026
800.4798,0.21191344070972923,0.2868756787745801
732.3619500000001,0.06860970808348234,0.365809435898484
650.84348,0.020453994091798926,0.16978487964600336
569.2355,-0.031773652620696105,-0.14979376759966098
487.7191,-0.02539062295023464,-0.048141861662620404
406.32207,-0.04275529356852205,0.09920401466605988
352.00417999999996,0.025343457706364234,0.17531410773615713
297.72371,0.09844172483151344,0.2628906388650587
243.49623,0.1740476107557725,0.36248116267916813
202.77896,0.21891747942448436,0.45249484871382684
