pressures(hPa),850 hPa,650 hPa
1006.3566000000001,0.22236301078524037,0.2959389992090985
992.6351,0.2216725675090681,0.2956377223702445
978.9141000000001,0.2183488502934945,0.2924284690867996
951.3780499999999,0.1844711002093095,0.231168408553384
937.7006,0.21753470259700805,0.2635622182266872
910.242,0.24522914956347264,0.288205353745646
882.86875,0.235984881254722,0.2731061445218625
855.4386999999999,0.20731997790563753,0.2615685514930532
800.8200999999999,0.15425269948883752,0.2745136313190305
732.5822000000001,0.06924954270208704,0.24861233752303133
650.8291399999999,0.11963320235726477,0.27848000639750853
569.13562,0.11123185021484107,0.15673239844247808
487.6746,0.04927996929660898,0.06476027519873198
406.25855,0.010764502136885111,0.017695429635125427
351.98242,0.013046980547168768,0.020585722439174895
297.70072,0.008024635023293427,0.012421079171878064
243.46616999999998,0.002920666458034662,0.004472072959945102
202.76707,0.0010080501799270894,0.0015310804011778197
243.466,0.0,0.0
202.767,0.0,0.0
