pressures(hPa),850 hPa,650 hPa
1006.3566000000001,0.14789159955591086,0.23534560406469912
992.6351,0.1501226212426143,0.23695520832375916
978.9141000000001,0.15246362287162,0.2386506581433024
951.3780499999999,0.1797386485625858,0.2630951814908943
937.7006,0.19117656256202306,0.27543548081035457
910.242,0.22002273028587865,0.3035284404784826
882.86875,0.25417935808090153,0.3427169388390644
855.4386999999999,0.28088877264002704,0.3651870142955426
800.8200999999999,0.31781061041293585,0.424763833270885
732.5822000000001,0.3694854718746793,0.5192154111925283
650.8291399999999,0.2919810353922286,0.4472982928977256
569.13562,0.3122173447758484,0.49112245152440037
487.6746,0.4253081483032516,0.626543823186652
406.25855,0.5134806391890235,0.7358037602916477
351.98242,0.4825762754020825,0.7021093778019909
297.70072,0.47031351183537806,0.7018947639007829
243.46616999999998,0.4589541549375853,0.7006607339688368
202.76707,0.43694245505680007,0.6757762521237686
