pressures(hPa),850 hPa,650 hPa
1006.3566000000001,0.21388514160843525,0.28793899944874907
992.6351,0.21530245683149657,0.28817673931518745
978.9141000000001,0.21611755692594997,0.28477568387051955
951.3780499999999,0.19989850345825866,0.29371745355780066
937.7006,0.19157776990582084,0.35867938086401374
910.242,0.16530325809643734,0.43079970139383944
882.86875,0.13377806326684255,0.42625972135485657
855.4386999999999,0.01871949287508805,0.424175731671642
800.8200999999999,-0.05163874860152005,0.41624648494169897
732.5822000000001,-0.009966276801946115,0.2735311776256701
650.8291399999999,-0.006505937165669529,0.3033596716945469
569.13562,0.006481484162835927,0.162308707176277
487.6746,0.018439871589009203,0.07088716777219443
406.25855,0.018357342704445796,0.014113184846731987
351.98242,0.011263559546024607,0.02007117185079024
297.70072,0.006172742526875274,0.013193897423274774
243.46616999999998,0.0021814116277809148,0.004785272075765198
202.76707,0.0007628986645761999,0.0015790495785234066
243.466,0.0,0.0
202.767,0.0,0.0
