pressures(hPa),850 hPa,650 hPa
1006.3321875,0.22064783308968694,0.29082664694100707
992.580625,0.22007856474966464,0.29073562425581506
978.83078125,0.21683848311091938,0.2878608790184552
951.34265625,0.2062799222230248,0.2616902199270915
937.612734375,0.24348666787363119,0.29741760612415674
910.1740625,0.2795812540629809,0.3391007572264128
882.76453125,0.2717064552903052,0.3252175057965116
855.38640625,0.24195055456858366,0.3180633846762026
800.7140625,0.17131691871967553,0.3148035938352966
732.5115625,0.09151552079168893,0.2836145725283276
650.7509765625,0.14017861194057052,0.305510112193244
569.108671875,0.13311743047105218,0.18207663896836523
487.6268359375,0.04918646912303541,0.06714199969862883
406.2140625,0.011229651287260608,0.01956885412962776
351.9430859375,0.013290281582727796,0.02137690681116031
297.68138671875,0.008636238639918348,0.013700356814590095
243.4295703125,0.0030580919427829396,0.004819945858675901
202.74380859375,0.001002384895254286,0.0015827239575026233
243.466,0.0,0.0
202.767,0.0,0.0
