pressures(hPa),850 hPa,650 hPa
1006.3566000000001,0.2179031056034467,0.2926636699624857
992.6351,0.21913630409929033,0.292772388468901
978.9141000000001,0.21971262781313325,0.2900439469163329
951.3780499999999,0.1804295979669173,0.24605879697142696
937.7006,0.169099706654015,0.2751259340300156
910.242,0.13084945657453587,0.30640280747803417
882.86875,0.10387731497842903,0.2973451150459608
855.4386999999999,0.001851715626340609,0.29556632309762304
800.8200999999999,-0.058438361536514695,0.31877051997892164
732.5822000000001,-0.01598507179351879,0.22684443828941908
650.8291399999999,-0.012347807489681435,0.2388290162948067
569.13562,0.0014396106079978452,0.10511638722688202
487.6746,0.015869699169855346,0.06657649536609515
406.25855,0.01680718414613771,0.018558772989708136
351.98242,0.010486412549719193,0.019635683827539926
297.70072,0.0058623826774918085,0.011546552125436356
243.46616999999998,0.002156190722744358,0.004310800322263641
202.76707,0.0007999817857162047,0.0014933470275618867
243.466,0.0,0.0
202.767,0.0,0.0
