pressures(hPa),850 hPa,650 hPa
1001.27,0.18791884587983032,0.24998587438388079
987.947,0.1887918319968559,0.2510196452685848
969.724,0.18429891894165137,0.2503758559792237
954.06,0.18193280400706704,0.2536727987450979
934.911,0.21208360104288504,0.2937085650486353
911.617,0.2177829829928348,0.29105477225803145
883.451,0.2336923485820144,0.2913085799520497
849.66,0.25122022418911216,0.31167712688258153
786.877,0.26123875437717076,0.39744430872393455
736.189,0.24318635874433686,0.4450885520212025
646.712,0.19006213605045633,0.5579562581684328
579.089,0.2506484651053153,0.36932983227016586
470.035,0.30570954120508065,0.11085783050880563
396.325,0.33170767126467793,0.32207620988233143
360.414,0.33827327603038904,0.3949183787514759
292.51,0.3426314433142529,0.3578976176998026
231.981,0.33314461265634937,0.4018440682963112
205.017,0.31080594883462953,0.4010538760801738
