pressures(hPa),850 hPa,650 hPa
1001.27,0.1820602662232001,0.2510976415876534
987.947,0.18687053418387878,0.2544534012498744
969.724,0.18666451362229228,0.25375079506416653
954.06,0.18934798346235077,0.25747735689900864
934.911,0.2144330678512806,0.28639225459436635
911.617,0.2088288923729731,0.27603216975415074
883.451,0.19679437815423853,0.26003333463373135
849.66,0.19109447595034543,0.2647353619082033
786.877,0.0704457655870258,0.28607982179822855
736.189,-0.032865482112480526,0.32156916987697665
646.712,0.018957013189618267,0.439645431852761
579.089,0.20162025373321926,0.42442783855120886
470.035,0.27611489563475755,0.28660642481475956
396.325,0.2928972473409627,0.34050379923341906
360.414,0.2938175765668378,0.3570581982986793
292.51,0.31054374084715575,0.3781395804403708
231.981,0.31023471000477604,0.3876116580085679
205.017,0.2933259365903245,0.3705400538439103
