pressures(hPa),850 hPa,650 hPa
1001.27,0.14757693991755114,0.21551707735541306
987.947,0.15094248972639565,0.21879557456149487
969.724,0.15145078191425174,0.21947774236939063
954.06,0.1580237230620244,0.2272040759761571
934.911,0.207750514881342,0.2876299505735861
911.617,0.19968547343185872,0.2776403798159753
883.451,0.19414420414541525,0.27145483760286265
849.66,0.20338502895677654,0.2864586933813977
786.877,0.21470480523453792,0.3253243571206565
736.189,0.2124978702694555,0.32815340355921185
646.712,0.21991258906303282,0.32243649208948033
579.089,0.27673622196172093,0.3990560203009588
470.035,0.33379865333965775,0.45721737908248644
396.325,0.3621152625521772,0.4923864221420329
360.414,0.3695133330857633,0.5037710164768026
292.51,0.36831465836639743,0.44054550473712856
231.981,0.36044003139056335,0.44035050831594
205.017,0.33902204491189436,0.41806976969816484
