pressures(hPa),850hPa,650hPa
1000.405625,0.18379797967883868,0.28046447268567104
985.492265625,0.18499293789698606,0.28272578350207916
975.886796875,0.18568176818363105,0.28412526655464476
952.53421875,0.18783816548226984,0.2889119945345348
938.869140625,0.19019265048642853,0.2945389430245589
907.825234375,0.2543651499491699,0.41948006755828354
890.5646875,0.21491443331558904,0.1648132378962291
852.8871875,0.287621529205937,0.16202317976482083
789.505078125,0.14617020284301974,0.18430165825801392
719.775703125,0.09560462396269062,0.2500324121832726
645.7512890625,0.08953531072652526,0.37816818229882626
569.52578125,0.08110766121507193,0.18651091390838145
493.4822265625,0.07027090934157566,0.11060158390245545
419.452734375,0.06034920793291914,0.09418040856409002
349.0413671875,0.03748495785815537,0.05824388309233307
283.539765625,0.017041062942529293,0.026390643561696386
243.0421875,0.00807008263197785,0.012475458803038436
205.35419921875,0.003169797400523074,0.004900512607176564
