pressures(hPa),850hPa,650hPa
1000.405625,0.17814545167374335,0.2769724892495693
985.492265625,0.17904934586434307,0.2787077199815751
975.886796875,0.17942306882742534,0.27970770084724733
952.53421875,0.18011920156467975,0.2829459747183895
938.869140625,0.18046247453522127,0.28669515331108925
907.825234375,0.1482726485805523,0.4105269377570814
890.5646875,0.10198978125200858,0.16240669679601571
852.8871875,0.10024834165349471,0.1596539354990251
789.505078125,0.096888564076911,0.15428531097881582
719.775703125,0.09246309280177137,0.14723676547423545
645.7512890625,0.08659897316493662,0.13787593970408146
569.52578125,0.07846131113109166,0.12482779269139795
493.4822265625,0.06806541088747647,0.10890901715086798
419.452734375,0.05836319356837844,0.09279094540281405
349.0413671875,0.036213259655334146,0.05740539855924157
283.539765625,0.016453972221399008,0.02601458377230394
243.0421875,0.007789410481015105,0.012299370455463933
205.35419921875,0.0030598579458501456,0.0048315356461284265
