pressures(hPa),850 hPa,650 hPa
995.02,0.12274221488072148,0.11234793171260084
984.63,0.12017932256358835,0.11069242473064067
973.38,0.1193285177551206,0.110070053684791
948.4,0.1254098861151536,0.11854923681344705
934.75,0.1399469131012146,0.13540802370342317
905.32,0.1633524276474616,0.1814311178019153
889.62,0.18055503028960876,0.2172299003591889
856.46,0.18863977154839834,0.2502429501152393
788.72,0.20638512898215422,0.39667440978275204
728.15,0.23527058090313804,0.4910009654917295
658.94,0.2239754136183076,0.33237103332556306
546.41,0.3895470587341617,0.5098463607600578
470.39,0.41888515557787714,0.6296901293488721
396.93,0.39855804562187425,0.6512988520607731
362.77,0.35161709067192953,0.5958331444546496
303.01,0.3519523832072863,0.5633204810194623
253.1,0.3590773495836172,0.5896841185216547
193.21,0.35660456713536115,0.583236354486652
