pressures(hPa),850 hPa,650 hPa
995.02,0.12499077044595767,0.12205816476994752
984.63,0.12262276691500064,0.11948279338222156
973.38,0.1222141291375346,0.11866997679634188
948.4,0.12836465158298496,0.12809640865678112
934.75,0.14831455743671146,0.15309082985810427
905.32,0.1774640522292887,0.19959439440399235
889.62,0.19068715159242047,0.22883338613801033
856.46,0.200945007595991,0.2724242541893219
788.72,0.2137699470733866,0.408225616393722
728.15,0.2538164492650582,0.49677656879721455
658.94,0.22623863823196566,0.32272428211489307
546.41,0.39032242272217416,0.5003738734422257
470.39,0.41844508412522136,0.6240141054107231
396.93,0.4074852093757477,0.6647669614929601
362.77,0.38657133748287054,0.6461954094848058
303.01,0.38204488825555444,0.6037745989996915
253.1,0.3779375546974343,0.6322418506368559
193.21,0.37299198980092224,0.6191969535158466
