pressures(hPa),850 hPa,650 hPa
995.02,0.2466286155383479,0.33964032714108733
984.63,0.24742493530982015,0.3404867517634429
973.38,0.2471525101248428,0.340262698186937
948.4,0.24415583309009187,0.3361052596006611
934.75,0.17984462923032163,0.2576616129817675
905.32,0.13694185375307977,0.17707203099678415
889.62,0.14581034131326576,0.1901741862540116
856.46,0.13713255138256392,0.18397039166898202
788.72,0.09873317377083235,0.13755395906951287
728.15,0.05166438854178289,0.3839531456055846
658.94,0.05848968721463869,0.25875698602246294
546.41,0.05974074748718856,0.11012980130519257
470.39,0.022420592723636536,0.04020268007770593
396.93,0.007693496781595179,0.013759628030063064
362.77,0.01437545789558597,0.01715503550780058
303.01,0.005675873950085948,0.008340020962804052
253.1,0.0019390386435349928,0.0035915788313893335
193.21,0.0004415383574979174,0.0008389561698053686
