pressures(hPa),850 hPa,650 hPa
995.02,0.2554929119418419,0.3513035605403103
984.63,0.2561844527960152,0.35192593158616
973.38,0.25595393917795745,0.3515151666958992
948.4,0.2524019338815219,0.3463494870153469
934.75,0.18089032282496548,0.25644176573190214
905.32,0.1389892337971019,0.1823547164339562
889.62,0.15104928717821495,0.20139927043695643
856.46,0.14445869328010885,0.19615890623090212
788.72,0.1075660364991367,0.14748949044545714
728.15,0.05417279582192056,0.4216937258259092
658.94,0.057421990047362044,0.28148597661689323
546.41,0.06619303321445998,0.1213449275514038
470.39,0.029808554182387877,0.05341810686527803
396.93,0.013094221294853995,0.02240411290849678
362.77,0.0175682810635206,0.017391536505223456
303.01,0.006410898054938319,0.008648841475754662
253.1,0.002451093212375126,0.003709953804309942
193.21,0.0005456886012931072,0.0009264615388518337
