pressures(hPa),850 hPa,650 hPa
995.02,0.23057725171239316,0.339338026271292
984.63,0.23090206374547848,0.3403026735720173
973.38,0.2303179259763008,0.3399603793685342
948.4,0.22623943939957605,0.33513714286490737
934.75,0.1389042942778163,0.2544366167455155
905.32,0.10154305211736346,0.1820382809433341
889.62,0.08348455085857064,0.20209672126744915
856.46,0.021227252197690658,0.20555389272262942
788.72,0.05811253995159831,0.13977117034413225
728.15,-0.22625253665897466,0.24214514307498264
658.94,-0.033851176641627456,0.059892150313100016
546.41,0.006288256182456926,0.10763907993351911
470.39,0.005390046132900781,0.03923936278111868
396.93,0.00632335683764518,0.0150379178886625
362.77,0.018643948753910344,0.02385448304074367
303.01,0.005444268786810996,0.011513221122431482
253.1,0.001638991041141089,0.004055252781629965
193.21,0.0003292651012808613,0.0007480684228850856
