pressures(hPa),850 hPa,650 hPa
1006.82375,0.1579046475771778,0.20206382927414332
993.095,0.15903612992446647,0.203737502278644
979.3665625,0.1586118240442332,0.2033298127006246
951.909296875,0.15704032078411004,0.20133427950295069
938.180703125,0.15606598876283365,0.2000253813840463
910.72421875,0.1558931234042201,0.19987517996056547
883.282734375,0.20295964604490954,0.27044839165034534
855.88421875,0.2360240746379014,0.3247354775655607
801.162109375,0.2705971463606115,0.37187726719233066
732.864765625,0.3055788089309536,0.4162725165040225
651.0553125,0.31786796442511694,0.4347902062845881
569.3551953125,0.31299630431873504,0.4243404786795644
487.75109375,0.3390046832737738,0.45970218523619477
406.2456640625,0.3813252660688912,0.5205230330728263
351.955390625,0.41283390643436113,0.5648860963652009
297.6884765625,0.4428653337353152,0.6046787449145158
243.43421875,0.4653692604202792,0.634504456148567
202.7473046875,0.4490256265149981,0.61187768456849
