pressures(hPa),850 hPa,650 hPa
1006.109453125,0.08807130920298596,0.15557123087925503
992.358125,0.08844848825738846,0.15456256101426333
978.60859375,0.09376042660689048,0.1615374058253763
951.1159375,0.11489816944736445,0.1857454825851776
937.37984375,0.14612545199310553,0.23004111240098424
909.934375,0.15654502337097487,0.23540637764030192
882.5246875,0.17780849256291634,0.26993722472055043
855.1528125,0.21450487139749383,0.3303071891933528
800.50984375,0.24609361720370398,0.3709758997073807
732.33359375,0.238125709679451,0.36872248830686727
650.6909375,0.18858952720125474,0.3406728816357145
569.1959375,0.26312953782755066,0.5302384330712863
487.732421875,0.3201464382180633,0.6466003055816079
406.2635546875,0.3358465163575678,0.627585805573466
351.9871875,0.3522302315331768,0.6076484799441616
297.724453125,0.41391472272192054,0.7947138177782114
243.466640625,0.3522616631210437,0.6421471354329742
202.77486328125,0.33508430035179604,0.5928188868226876
