pressures(hPa),850 hPa,650 hPa
1006.109453125,0.2648920669189604,0.34258640714661615
992.358125,0.2604859439186662,0.34139445144248753
978.60859375,0.22551129346983043,0.31053589711988855
951.1159375,0.12092786104464777,0.22815342018454043
937.37984375,0.03258670156253284,0.15859167119645665
909.934375,-0.08962026365559753,0.19846913870672303
882.5246875,-0.11187629259090309,0.32603394095642624
855.1528125,-0.1382559577030378,0.3306733993124959
800.50984375,-0.04878820815586453,0.2095952592999034
732.33359375,0.07119747060576616,0.0029622064009744765
650.6909375,0.14131031650649636,-0.29510285416446885
569.1959375,0.04193688352809402,0.06503665616214238
487.732421875,0.036643073262297536,0.04410367089419041
406.2635546875,0.024228820509958348,0.025453411783787953
351.9871875,0.009959758795143624,0.01198425092831787
297.724453125,0.003253154708936055,0.007448362143689508
243.466640625,0.0020758446353113516,0.0027323983031332893
202.77486328125,0.0005797664363379653,0.00098337624732632
