pressures(hPa),850 hPa,650 hPa
1006.135859375,0.04907645329896664,0.046979752457976184
992.38296875,0.04866787571786734,0.04650759414181562
978.630078125,0.048275012659118,0.04609982105058604
951.1240625,0.04847930144966766,0.04625005324209168
937.37140625,0.0499878955952651,0.047838222123722664
909.87015625,0.07525684753402218,0.07904359447360726
882.40578125,0.22531482145391732,0.28535531689413035
855.039296875,0.23988218367234257,0.3706442781860433
800.544453125,0.1846927811792363,0.27434544343093176
732.464140625,0.1925814713989229,0.2695809367860388
650.8158203125,0.20573452660585057,0.27664184978680356
569.233046875,0.22124476016527422,0.2929956969192741
487.70296875,0.24360652546928624,0.31724746497661216
406.2346875,0.26509613478287475,0.3715242095934334
351.9540625,0.2845978570191916,0.41211909391242013
297.69046875,0.2991573619764419,0.44464436337339
243.43705078125,0.30890036583342534,0.4757316961442344
202.7501953125,0.3231612948660261,0.49779436655391895
