pressures(hPa),850 hPa,650 hPa
1006.3321875,0.218233386579816,0.21506512131627847
992.580625,0.21740049470333223,0.21667440836593635
978.83078125,0.21573471095036464,0.216803151329909
951.34265625,0.22568226864497282,0.23038553402902145
937.612734375,0.2331625805922611,0.24622091859765496
910.1740625,0.2454045196824661,0.30230993656839744
882.76453125,0.25158049152129863,0.37893345729277444
855.38640625,0.27353426419012583,0.44504296929271997
800.7140625,0.1955252967398337,0.5856732002721562
732.5115625,0.1055729740795855,0.8146425616974787
650.7509765625,0.15622222913443873,0.6126233940637601
569.108671875,0.16777271081775152,0.615284081985861
487.6268359375,0.1834247921192203,0.7961464892067441
406.2140625,0.1926494625248048,0.9627827989086516
351.9430859375,0.22662516510891673,0.8865669642368547
297.68138671875,0.25840863341435905,0.8487487185698946
243.4295703125,0.28640480092296006,0.8139344753956292
202.74380859375,0.30290548904197834,0.7614180746751272
