pressures(hPa),850 hPa,650 hPa
995.02,0.23057725171239313,0.33935358509872304
984.63,0.23090075401953858,0.3403026735720173
973.38,0.23031923570224067,0.3399603793685342
948.4,0.22623812967363618,0.33515270169233846
934.75,0.13890429427781636,0.25443506086277234
905.32,0.1015417423914236,0.18203828094333407
889.62,0.08348455085857065,0.20209827715019224
856.46,0.021226728307314712,0.20555233683988627
788.72,0.05811253995159831,0.13977272622687537
728.15,-0.22625122693303476,0.24214514307498264
658.94,-0.033851176641627456,0.059893706195843124
546.41,0.006288911045426854,0.10763752405077603
470.39,0.005390046132900782,0.03923936278111868
396.93,0.006323356837645181,0.0150379178886625
362.77,0.01864407972650433,0.023854638629017978
303.01,0.005444399759404981,0.011513221122431484
253.1,0.001638991041141089,0.004055252781629965
193.21,0.00032926510128086133,0.0007480684228850856
