pressures(hPa),850 hPa,650 hPa
995.02,0.12274326266989448,0.11234917645469253
984.63,0.12017827477441535,0.11069366947273238
973.38,0.1193285177551206,0.11006880894269931
948.4,0.1254098861151536,0.11854799207135534
934.75,0.13994586531204162,0.13540677896133146
905.32,0.16335242764746158,0.1814311178019153
889.62,0.18055503028960876,0.2172299003591889
856.46,0.18863872375922533,0.2502454395994227
788.72,0.20638932013884614,0.39666196236183504
728.15,0.23526010301140815,0.49100096549172956
658.94,0.22398903487755645,0.33235858590464606
546.41,0.3895470587341617,0.5098339133391409
470.39,0.41888515557787714,0.6297025767697891
396.93,0.39856852351360417,0.651298852060773
362.77,0.35160661278019967,0.5958331444546496
303.01,0.3519523832072863,0.5633204810194623
253.1,0.3590668716918874,0.5896841185216548
193.21,0.3566150450270911,0.583236354486652
