pressures(hPa),850 hPa,650 hPa
995.02,0.2414715520801505,0.3595458313387452
984.63,0.241738736171882,0.36053537276336023
973.38,0.24106815649067354,0.3600623844094562
948.4,0.23654698254627607,0.3547537124899805
934.75,0.14482425552598457,0.26396484266429304
905.32,0.10896553096373936,0.18750876466809271
889.62,0.09333107047443984,0.21183654723928907
856.46,0.029468833646855125,0.21761198398169637
788.72,0.04463477897294783,0.14269000637019802
728.15,-0.1305733895195534,0.2747564453704722
658.94,0.007149531960509012,0.06935876327525063
546.41,0.03195888460371739,0.12995292788203983
470.39,0.01964746076903125,0.05898475949732094
396.93,0.012796965435111125,0.025732433511671912
362.77,0.021222275239119192,0.020228965072759425
303.01,0.007694377951490866,0.010107325475761427
253.1,0.0025806839919005928,0.003792246362735425
193.21,0.0004498646658231911,0.0007604532495202048
