pressures(hPa),850 hPa,650 hPa
995.02,0.12499077044595769,0.12206003188308508
984.63,0.12261752796913569,0.119480926269084
973.38,0.12220889019166967,0.1186681096832043
948.4,0.12836465158298496,0.12809952051201037
934.75,0.1483093184908465,0.15309082985810427
905.32,0.17746405222928874,0.19959439440399235
889.62,0.19068715159242047,0.22883338613801033
856.46,0.200945007595991,0.2724242541893219
788.72,0.21376470812752163,0.40821939268326357
728.15,0.2538216882109231,0.496770345086756
658.94,0.22623863823196566,0.3227305058253515
546.41,0.39032242272217416,0.5003738734422256
470.39,0.41844508412522136,0.6240141054107231
396.93,0.4074852093757477,0.6647669614929601
362.77,0.38657657642873544,0.6462016331952641
303.01,0.38204488825555444,0.603768375289233
253.1,0.3779323157515693,0.6322356269263973
193.21,0.3729919898009222,0.6191969535158466
