pressures(hPa),850 hPa,650 hPa
995.02,0.24661813764661797,0.33964032714108733
984.63,0.24742493530982018,0.34049919918435995
973.38,0.2471629880165727,0.340262698186937
948.4,0.24414535519836197,0.33610525960066123
934.75,0.17984358144114865,0.25766161298176754
905.32,0.13694290154225275,0.17707327573887582
889.62,0.14581034131326576,0.1901741862540116
856.46,0.1371335991717369,0.18397039166898196
788.72,0.09873422156000534,0.13755520381160455
728.15,0.051664388541782895,0.3839531456055846
658.94,0.05849073500381168,0.25875449653827953
546.41,0.05973969969801556,0.11012855656310086
470.39,0.022420592723636536,0.04020268007770593
396.93,0.0076934967815951785,0.013759752504272233
362.77,0.014375562674503267,0.01715503550780058
303.01,0.005675873950085948,0.008339896488594883
253.1,0.0019390386435349928,0.0035915788313893326
193.21,0.0004415383574979174,0.0008389561698053684
