pressures(hPa),850 hPa,650 hPa
1000.405625,0.18648443155533664,0.2542046337008646
985.492265625,0.1834667088805618,0.2502475034279793
975.886796875,0.1802870312714533,0.24597253415848006
952.53421875,0.149876493912364,0.20471474660789418
938.869140625,-0.02444296313125302,-0.01383477416957878
907.825234375,0.10999339304671868,0.3162157279102559
890.5646875,0.0296527882430834,0.3007993587003359
852.8871875,0.0143348978570564,0.2650116715132626
789.505078125,-0.040955180543948026,0.18784306814049453
719.775703125,-0.08141494253107516,0.0500565799178848
645.7512890625,-0.12814980734650816,-0.00833633020174443
569.52578125,-0.0709866474557842,-0.005159072033288859
493.4822265625,-0.0283834903899015,0.0045379659538237445
419.452734375,-0.010131164098023821,0.0021231150657729358
349.0413671875,-0.006791793524083449,-0.0013866417707761234
283.539765625,-0.0032473082567491983,0.0004944201982488975
243.0421875,-0.0013039066774347958,0.0007041965304171482
205.35419921875,-0.0004253994219375003,0.0004841590619728719
