pressures(hPa),850 hPa,650 hPa
1000.405625,0.17102136904132997,0.24891832610046266
985.492265625,0.1675483923262188,0.2441068782221942
975.886796875,0.16398793279993457,0.23912156483461366
952.53421875,0.13060008251855773,0.19305137356925603
938.869140625,-0.05588948185947723,-0.0629791104343703
907.825234375,0.20880357094973184,0.27223206718588205
890.5646875,0.18848950359448916,0.22087971506714815
852.8871875,0.1922746726047986,0.25386841254343384
789.505078125,0.1198226052923271,0.30964087071164115
719.775703125,0.11098603446043002,0.4013560368536954
645.7512890625,0.1635728819316182,0.5056548881718966
569.52578125,0.07641855338732405,0.17355009094909737
493.4822265625,0.0496495811317849,0.10861078436008198
419.452734375,0.01776314752304729,0.03935061248462015
349.0413671875,0.009573210369844822,0.020725201494615764
283.539765625,0.005841819795276134,0.012507419370201094
243.0421875,0.0027807275431968844,0.006091417394266169
205.35419921875,0.00110823956726943,0.0024606830296532356
