pressures(hPa),850 hPa,650 hPa
1001.36359375,0.23120170017180922,0.31145384134274157
987.1290625,0.23166503944639447,0.3122490606788446
967.626328125,0.20363412666139513,0.29967159480058436
955.520078125,0.1684412455539405,0.2741725582995961
926.5853125,0.16888136654099464,0.27637000041981763
909.764140625,0.07769857512813587,0.19326699331838496
891.4153125,0.14533042663709742,0.2557403633640858
850.436796875,0.11336593393411683,0.2551531062909414
804.235546875,0.11972030734701787,0.2536131407540826
726.965859375,0.06795902244544433,0.16100241741429414
643.002382812,0.08874796645826474,0.1436319259030916
555.925351563,0.08040699632836992,0.11626619400677032
470.526796875,0.056527844769775105,0.08029144305953949
418.005390625,0.037551563231037144,0.05436684691902846
348.790234375,0.017489428785827876,0.025145415960121462
290.108164063,0.006055878264522075,0.008596806571333347
240.522539062,0.0019923928742900036,0.0028202706759457388
198.760878906,0.0005766286442047531,0.0008080059751717614
