pressures(hPa),850 hPa,650 hPa
1001.36359375,0.2428232861846086,0.3096178333884471
987.1290625,0.24162753218569344,0.31020010913279683
967.626328125,0.2555234505911001,0.3166998550180743
955.520078125,0.2674714020575435,0.32557513994893034
926.5853125,0.2852970020500716,0.33529503843290165
909.764140625,0.3379450633913081,0.3802532676550314
891.4153125,0.27406580908509914,0.3586428366752629
850.436796875,0.2935489321693008,0.3867332604374173
804.235546875,0.27718552610540026,0.4123675378382046
726.965859375,0.25124629204068566,0.44086943850669547
643.002382812,0.27002231077408845,0.45706600655142793
555.925351563,0.293132729063016,0.41529139923742325
470.526796875,0.3587451962965704,0.5157450246347316
418.005390625,0.3999937327150945,0.5720438919283367
348.790234375,0.4376873604445641,0.6307829188140945
290.108164063,0.44804790585873683,0.6507646142711386
240.522539062,0.44854271185246447,0.6431178896392798
198.760878906,0.438487456768583,0.6266177075475857
