pressures(hPa),850hPa,650hPa
1001.63269,0.321462666,0.391159524
987.697693,0.331601592,0.392263548
971.413513,0.33635882,0.387140783
952.871826,0.333648174,0.371030506
932.177673,0.310422781,0.334842801
909.458191,0.28628682,0.30079411
884.858765,0.266326051,0.286430495
849.829407,0.210000663,0.275676704
796.9107669999999,0.147082143,0.2619691
729.0755,0.120935715,0.233704591
650.011597,0.111415773,0.158728941
564.875061,0.102005035,0.100231018
483.396698,0.0748054056,0.065904083
411.711487,0.0530605753,0.0513460971
348.6718440000001,0.0288054638,0.0325205534
293.311127,0.0127642805,0.0144100866
244.792175,0.00449609429,0.00501012801
202.449921,0.00148822624,0.00157449125
